filename,width,height,bytes,format,status
bodyfriend-phantom-rovo.webp,1200,900,81024,WEBP,OK
ceragem-master-v7.webp,1200,900,29830,WEBP,OK
chungho-bidet.webp,1200,900,9898,WEBP,OK
chungho-newhero.webp,1200,900,56634,WEBP,OK
coway-ap-1019d.webp,1200,900,40182,WEBP,OK
coway-ap-1023f.webp,1200,900,124832,WEBP,OK
coway-ap-1125g.webp,1200,900,21134,WEBP,OK
coway-ap-1225f.webp,1200,900,97146,WEBP,OK
coway-ap-1523d.webp,1200,900,118986,WEBP,OK
coway-ap-1526a.webp,1200,900,20568,WEBP,OK
coway-ap-1623m.webp,1200,900,55030,WEBP,OK
coway-ap-2023k.webp,1200,900,55136,WEBP,OK
coway-ap-2026b.webp,1200,900,17072,WEBP,OK
coway-ap-2425h.webp,1200,900,6350,WEBP,OK
coway-ap-3018b.webp,1200,900,88494,WEBP,OK
coway-ap-3021d.webp,1200,900,45322,WEBP,OK
coway-ap-3024h.webp,1200,900,52860,WEBP,OK
coway-ap-3519a.webp,1200,900,112020,WEBP,OK
coway-ap-3522f.webp,1200,900,6958,WEBP,OK
coway-ap-3525i.webp,1200,900,10968,WEBP,OK
coway-ap-4025d.webp,1200,900,52852,WEBP,OK
coway-apd-1023a.webp,1200,900,17348,WEBP,OK
coway-apd-1025e.webp,1200,900,50508,WEBP,OK
coway-aph-0525f.webp,1200,900,11434,WEBP,OK
coway-apm-1226h.webp,1200,900,97150,WEBP,OK
coway-apms-1020a.webp,1200,900,92974,WEBP,OK
cozyma-newera.webp,1200,900,46936,WEBP,OK
cuckoo-cms-c10dr.webp,1200,900,48618,WEBP,OK
cuckoo-cms-f410cb.webp,1200,900,49176,WEBP,OK
cuckoo-cms-g210nw.webp,1200,900,26704,WEBP,OK
cuckoo-cms-h410ww.webp,1200,900,31886,WEBP,OK
cuckoo-cms-j410bk.webp,1200,900,32576,WEBP,OK
cuckoo-pet-dryroom.webp,1200,900,33270,WEBP,OK
cuckoo-restino.webp,1200,900,35158,WEBP,OK
hyundai-air-blade.webp,1200,900,25846,WEBP,OK
hyundai-smart-bidet.webp,1200,900,10272,WEBP,OK
lg-dishwasher.webp,1200,900,12500,WEBP,OK
lg-induction.webp,1200,900,10904,WEBP,OK
lg-styler.webp,1200,900,6634,WEBP,OK
lg-tromm-dryer.webp,1200,900,20978,WEBP,OK
lg-tromm-washer.webp,1200,900,23224,WEBP,OK
lg-washtower-wa2525eyzf.webp,1200,900,21742,WEBP,OK
lg-washtower.webp,1200,900,21742,WEBP,OK
samsung-ai-combo.webp,1200,900,17000,WEBP,OK
samsung-airdresser.webp,1200,900,10472,WEBP,OK
samsung-dishwasher.webp,1200,900,5162,WEBP,OK
sk-bidet-s34d.webp,1200,900,11788,WEBP,OK
sk-bubble-bidet.webp,1200,900,12034,WEBP,OK
sk-dishwasher-dwa81r0d.webp,1200,900,12666,WEBP,OK
sk-dishwasher-dwa81r5b.webp,1200,900,10856,WEBP,OK
